feature,shap_importance
Store,6.6784416319853985
CPI,2.202312874031285
Unemployment,1.8780889185686611
Temperature,0.5032649759734497
Date,0.4970922191832547
Fuel_Price,0.31746716458244845
Holiday_Flag,0.0
