{"score": -556907.8330240578, "params": {"alpha": 96.90517725388739, "copy_X": true, "fit_intercept": true, "l1_ratio": 0.18596144211692978}}