{"score": -578574.5968777242, "params": {"alpha": 96.90517725388739, "copy_X": true, "fit_intercept": true}}