{"score": 0.584469568631104, "params": {"max_features": 0.6202516939116358, "max_samples": 0.5706117549854435, "min_samples_leaf": 224, "n_estimators": 203}}