{"score": -567953.4621661829, "params": {"max_features": 0.05042391026013092, "max_samples": 0.6283681997968102, "min_samples_leaf": 84, "n_estimators": 392}}