{"score": -578429.4488825412, "params": {"alpha": 96.90517725388739, "copy_X": true, "fit_intercept": true}}