{"score": -24.40124513276307, "params": {"learning_rate": 0.019221725110274982, "max_depth": 7, "max_features": 0.15346773276790213, "min_samples_leaf": 6, "min_samples_split": 17, "n_estimators": 126}}