{"score": 0.8348303162961743, "params": {"learning_rate": 0.16782295729439706, "max_depth": 7, "n_estimators": 163}}