{"score": -29.338688332045187, "params": {"learning_rate": 0.3231752959308757, "max_depth": 5, "n_estimators": 441}}