{"score": -24.3682766201722, "params": {"alpha": 92.90106028277158, "copy_X": true, "fit_intercept": true, "l1_ratio": 0.17271449990983906}}