{"score": -340115140597.6708, "params": {"alpha": 9.790517724388739, "copy_X": true, "fit_intercept": true, "l1_ratio": 0.1955127134632553}}