{"score": -352254367741.45593, "params": {"alpha": 9.790517724388739, "copy_X": true, "fit_intercept": true}}