{"score": -24.59449920021419, "params": {"alpha": 29.43203428319171, "copy_X": true, "fit_intercept": true}}