{"score": -24.006758675154234, "params": {"max_features": 0.2943210484115743, "max_samples": 0.87633581460003, "min_samples_leaf": 216, "n_estimators": 105}}