{"score": 0.6198321234421681, "params": {"max_features": 0.7675801519276936, "max_samples": 0.9317583189070662, "min_samples_leaf": 192, "n_estimators": 128}}