{"score": -331023979825.27484, "params": {"max_features": 0.245749463897498, "max_samples": 0.5380638239074974, "min_samples_leaf": 89, "n_estimators": 401}}