{"score": 0.6161114120128552, "params": {"max_features": 0.4375618103701907, "max_samples": 0.6445940959302099, "min_samples_leaf": 114, "n_estimators": 275}}