{"score": -25.269209388070937, "params": {"alpha": 96.90517725388739, "copy_X": true, "fit_intercept": true}}