feature,shap_importance
Store,4.711074549405891
CPI,2.450329086015351
Temperature,0.8377000403976163
Date,0.003543091474715447
Holiday_Flag,0.0
Fuel_Price,0.0
Unemployment,0.0
