feature,shap_importance
Store,5.76538718637604
CPI,2.4466290822187253
Unemployment,1.6326556031011483
Date,0.8526213075369128
Temperature,0.7294233669905992
Fuel_Price,0.5142631382441857
Holiday_Flag,0.18837934302255646
