feature,shap_importance
Store,5.910996223504412
CPI,2.3689972102064774
Unemployment,1.550961896037454
Temperature,0.8119414133522439
Date,0.7437984611425419
Fuel_Price,0.5452355370667228
Holiday_Flag,0.14066013924717885
