feature,shap_importance
Store,5.808298238652542
CPI,2.5747959827911413
Unemployment,1.5456177386662766
Date,0.8049116263606944
Temperature,0.7577838141931308
Fuel_Price,0.5267808128619954
Holiday_Flag,0.17086487091989752
