feature,shap_importance
Store,5.818099443264351
CPI,2.3477998533911135
Unemployment,1.4335677997885419
Date,0.7867133736651368
Temperature,0.7776144721536291
Fuel_Price,0.5805249036340234
Holiday_Flag,0.18479192978455336
