feature,shap_importance
Store,5.90875546780861
CPI,2.1992424658337475
Unemployment,1.473720187079872
Temperature,0.8141072124768658
Date,0.7253873188304701
Fuel_Price,0.5790053576500598
Holiday_Flag,0.20652401045681287
