feature,shap_importance
Store,5.667368071075303
CPI,2.4668164796209755
Unemployment,1.5488985305739942
Date,0.7919888520765634
Temperature,0.7901839055735422
Fuel_Price,0.5053344163118721
Holiday_Flag,0.14788802374658572
