{"score": -24.601940908540804, "params": {"alpha": 31.56459146887941, "copy_X": true, "fit_intercept": true}}