{"score": 0.8216379421387536, "params": {"max_features": 0.49032049640562997, "max_samples": 0.7876699867239457, "min_samples_leaf": 15, "n_estimators": 189}}