{"score": -25.271026273759304, "params": {"alpha": 37.54425692793003, "copy_X": true, "fit_intercept": true}}