{"score": -24.069970932489305, "params": {"max_features": 0.10892907310865414, "max_samples": 0.9340832396426892, "min_samples_leaf": 73, "n_estimators": 226}}