feature,shap_importance
Store,5.759019518917683
CPI,2.607044479175091
Unemployment,1.476610049974907
Date,0.8115509848830708
Temperature,0.7229969381236284
Fuel_Price,0.5017573974423257
Holiday_Flag,0.1653737591024654
