{"score": 0.8592975838390069, "params": {"learning_rate": 0.04156459145887941, "max_depth": 8, "max_features": 0.24450208798262502, "min_samples_leaf": 15, "min_samples_split": 12, "n_estimators": 122}}