{"score": -0.0300314790977625, "params": {"alpha": 10.016614427498405, "copy_X": true, "fit_intercept": true, "l1_ratio": 0.6941781122709249}}