{"score": -0.030041237093749333, "params": {"alpha": 9.790517724388739, "copy_X": true, "fit_intercept": true}}