{"score": 0.864860836332394, "params": {"max_features": 0.7603894548310713, "max_samples": 0.7206926857497634, "min_samples_leaf": 10, "n_estimators": 479}}