{"score": -0.027278719919391674, "params": {"max_features": 0.07983099690503992, "max_samples": 0.6992757940132519, "min_samples_leaf": 47, "n_estimators": 482}}